team_num, team_name, num_matches, avg_auto_gears_scored_fdr, tot_auto_gears_scored_fdr, avg_auto_gears_scored_mid, tot_auto_gears_scored_mid, avg_auto_gears_scored_boi, tot_auto_gears_scored_boi, avg_auto_gears_scored, perc_auto_gears_scored, tot_auto_gears_scored, max_auto_gears_scored, avg_auto_gears_attempts, tot_auto_gears_attempts, tot_auto_gears_dropped, avg_auto_gears_dropped, avg_auto_high_made, perc_auto_high_made, tot_auto_high_made, max_auto_high_made, avg_auto_high_attempts, tot_auto_high_attempts, avg_auto_low_made, perc_auto_low_made, tot_auto_low_made, max_auto_low_made, avg_auto_low_attempts, tot_auto_low_attempts, tot_baseline_cross, avg_auto_hopper_intake, tot_auto_hopper_intake, avg_tele_high_made, perc_tele_high_made, tot_tele_high_made, max_tele_high_made, avg_tele_high_attempts, tot_tele_high_attempts, avg_tele_low_made, perc_tele_low_made, tot_tele_low_made, max_tele_low_made, avg_tele_low_attempts, tot_tele_low_attempts, avg_tele_gears_scored, perc_tele_gears_scored, tot_tele_gears_scored, max_tele_gears_scored, avg_tele_gears_attempts, tot_tele_gears_attempts, std_tele_gears_scored, cst_tele_gears_scored, avg_tele_floor_ball_intake, tot_tele_floor_ball_intake, avg_tele_hopper_intake, tot_tele_hopper_intake, avg_tele_floor_gear_intake, tot_tele_floor_gear_intake, avg_hp_gear_intake, tot_hp_gear_intake, avg_hp_gear_intake_miss, tot_hp_gear_intake_miss, avg_tele_gears_dropped, tot_tele_gears_dropped, avg_tele_gear_knockouts, tot_tele_gear_knockouts, perc_climb, tot_climb, tot_climb_attempts, avg_climb_rating, avg_climb_time, avg_mobility_rating, avg_defense_rating, drive_type, weight, avg_auto_contrib_kpa, max_auto_contrib_kpa, avg_contrib_kpa, max_contrib_kpa
33, Killer Bees, 8, 0, 0, 0, 2, 0, 0, 0.25, 66.667, 2, 1, 0.375, 3, 0, 0, 15.375, 67.213, 123, 35, 22.875, 183, 0, 0, 0, 0, 0, 0, 7, 5, 40, 3.5, 35, 28, 25, 10, 80, 0, 0, 0, 0, 0, 0, 4.375, 94.595, 35, 6, 4.625, 37, 0.857, 5.105, 8.75, 70, 0, 0, 4.125, 33, 0.125, 1, 0, 0, 0, 0, 0, 0, 87.5, 7, 8, 4.875, 6.25, 4.375, 0, Traction, 119.8, 15.375, 35, 16.542, 40.333
48, Delphi E.L.I.T.E., 8, 0, 0, 0, 3, 0, 0, 0.375, 50, 3, 1, 0.75, 6, 0, 0, 0, 0, 0, 0, 0, 0, 0, 0, 0, 0, 0, 0, 7, 0, 0, 0, 0, 0, 0, 0, 0, 0, 0, 0, 0, 0, 0, 2.5, 76.923, 20, 3, 3.25, 26, 0.707, 3.536, 0, 0, 0, 0, 1.5, 12, 1.875, 15, 0.5, 4, 0, 1, 0, 2, 50, 4, 8, 4.125, 6.375, 3.125, 3, Traction, 118, 0, 0, 0, 0
51, Wings of Fire, 8, 0, 3, 0, 1, 0, 1, 0.625, 71.429, 5, 1, 0.875, 7, 0, 0, 0, 0, 0, 0, 0, 0, 0, 0, 0, 0, 0, 0, 8, 0, 0, 0, 0, 0, 0, 0, 0, 0, 0, 0, 0, 0, 0, 3.125, 100, 25, 5, 3.125, 25, 1.364, 2.291, 0, 0, 0, 0, 0, 0, 3.125, 25, 0.625, 5, 0, 0, 0, 0, 100, 7, 7, 5, 4.857, 3.125, 2, Traction, 110, 0, 0, 0, 0
67, The HOT Team, 8, 0, 0, 0, 6, 0, 0, 0.75, 75, 6, 1, 1, 8, 0, 0, 2.25, 32.727, 18, 6, 6.875, 55, 0, 0, 0, 0, 0, 0, 8, 0, 0, 0, 0, 0, 0, 0, 0, 0, 0, 0, 0, 0, 0, 1.375, 100, 11, 2, 1.375, 11, 0.696, 1.976, 0, 0, 0, 0, 0.375, 3, 1.875, 15, 0.625, 5, 0, 0, 0, 3, 87.5, 7, 8, 4.5, 3.5, 2.875, 3.5, Traction, 113, 2.25, 6, 2.25, 6
107, Team R.O.B.O.T.I.C.S., 8, 0, 0, 0, 2, 0, 0, 0.25, 28.571, 2, 1, 0.875, 7, 0, 0, 0.5, 10, 4, 4, 5, 40, 0, 0, 0, 0, 0, 0, 8, 0, 0, 0, 0, 0, 0, 0, 0, 0, 0, 0, 0, 0, 0, 3.5, 96.552, 28, 5, 3.625, 29, 1.118, 3.131, 0, 0, 0, 0, 3.5, 28, 0, 0, 0, 0, 0, 0, 0, 1, 87.5, 7, 8, 4.625, 6.25, 3.625, 3, Omni, 118, 0.5, 4, 0.5, 4
118, Robonauts, 8, 0, 0, 0, 0, 0, 0, 0, 0, 0, 0, 0.125, 1, 0, 0, 30.125, 67.507, 241, 45, 44.625, 357, 0, 0, 0, 0, 0, 0, 7, 26.875, 215, 73, 77.351, 584, 120, 94.375, 755, 0, 0, 0, 0, 0, 0, 2.875, 92, 23, 4, 3.125, 25, 1.269, 2.266, 69.375, 555, 23.75, 190, 2.625, 21, 0, 0, 0, 0, 0, 0, 0, 0, 42.857, 3, 7, 3.857, 2.857, 4.875, 3, Traction, 118, 30.125, 45, 54.625, 71.667
125, NUTRONs, 7, 0, 40, 0, 0, 0, 0, 5.714, 100, 40, 40, 5.714, 40, 0, 0, 22.429, 65.145, 157, 49, 34.429, 241, 0, 0, 0, 0, 0, 0, 6, 17.857, 125, 63.571, 77.526, 445, 95, 82, 574, 0, 0, 0, 0, 0, 0, 0.857, 100, 6, 2, 0.857, 6, 0.99, 0.866, 50.714, 355, 29.286, 205, 0, 0, 0.571, 4, 0.143, 1, 0, 0, 0, 0, 100, 7, 7, 5, 5.143, 4.286, 0, Omni, 107, 22.429, 49, 43.619, 67
191, X-CATS, 8, 0, 0, 0, 5, 0, 0, 0.625, 62.5, 5, 1, 1, 8, 0, 0, 0, 0, 0, 0, 0, 0, 0, 0, 0, 0, 0, 0, 8, 0, 0, 0, 0, 0, 0, 0, 0, 0, 0, 0, 0, 0, 0, 2.125, 89.474, 17, 4, 2.375, 19, 1.166, 1.822, 0, 0, 0, 0, 0, 0, 2.5, 20, 0.375, 3, 0, 0, 0, 0, 100, 7, 7, 5, 7.286, 3.125, 1, Traction, 118, 0, 0, 0, 0
195, CyberKnights, 7, 0, 30, 0, 0, 0, 0, 4.286, 100, 30, 30, 4.286, 30, 0, 0, 26.143, 74.089, 183, 43, 35.286, 247, 0, 0, 0, 0, 0, 0, 5, 23.571, 165, 95.429, 74.888, 668, 195, 127.429, 892, 0, 0, 0, 0, 0, 0, 1.571, 100, 11, 3, 1.571, 11, 1.05, 1.496, 71.429, 500, 52.143, 365, 1, 7, 0.286, 2, 0, 0, 0, 0, 0, 0, 100, 7, 7, 5, 3.714, 4.571, 0, Traction, 120, 26.143, 43, 57.952, 73
217, ThunderChickens, 8, 0, 0, 0, 1, 0, 0, 0.125, 33.333, 1, 1, 0.375, 3, 0, 0, 3.125, 33.333, 25, 15, 9.375, 75, 0, 0, 0, 0, 0, 0, 6, 0, 0, 6.125, 62.025, 49, 39, 9.875, 79, 0, 0, 0, 0, 0, 0, 4.125, 94.286, 33, 6, 4.375, 35, 1.364, 3.024, 0.75, 6, 5, 40, 4.125, 33, 0.75, 6, 0, 0, 0, 1, 0, 0, 85.714, 6, 7, 4.429, 4.571, 3.625, 0, Butterfly, 120, 3.125, 15, 5.167, 17
225, TechFire, 7, 0, 0, 0, 1, 0, 0, 0.143, 50, 1, 1, 0.286, 2, 0, 0, 15.714, 56.701, 110, 35, 27.714, 194, 0, 0, 0, 0, 0, 0, 5, 17.857, 125, 26.571, 54.706, 186, 53, 48.571, 340, 0, 0, 0, 0, 0, 0, 2.571, 94.737, 18, 5, 2.714, 19, 1.294, 1.987, 5.714, 40, 20, 140, 0.143, 1, 2.286, 16, 0, 0, 0, 0, 0, 1, 85.714, 6, 7, 4.429, 5.143, 3.857, 0, Traction, 125, 15.714, 35, 24.572, 48.667
234, Cyber Blue, 8, 0, 1, 0, 4, 0, 1, 0.75, 85.714, 6, 1, 0.875, 7, 0, 0, 0, 0, 0, 0, 0, 0, 0, 0, 0, 0, 0, 0, 8, 0, 0, 0, 0, 0, 0, 0, 0, 2.75, 26.829, 22, 10, 10.25, 82, 2.875, 88.462, 23, 4, 3.25, 26, 1.269, 2.266, 11.5, 92, 0, 0, 0, 0, 3.625, 29, 1.125, 9, 0, 0, 0, 1, 87.5, 7, 8, 4.875, 7.25, 3.25, 0, Traction, 120, 0, 0, 0.306, 1.111
292, PantherTech, 8, 0, 2, 0, 2, 0, 1, 0.625, 100, 5, 1, 0.625, 5, 0, 0, 0, 0, 0, 0, 0, 0, 0, 0, 0, 0, 0, 0, 8, 0, 0, 0, 0, 0, 0, 0, 0, 0, 0, 0, 0, 0, 0, 4.25, 100, 34, 5, 4.25, 34, 0.661, 6.43, 0, 0, 0, 0, 0.625, 5, 3.25, 26, 0.75, 6, 0, 3, 0, 0, 87.5, 7, 8, 4.5, 6.5, 3.625, 3, Mechanum, 120, 0, 0, 0, 0
340, G.R.R. (Greater Rochester Robotics), 8, 0, 5, 0, 1, 0, 0, 0.75, 75, 6, 1, 1, 8, 0, 0, 0, 0, 0, 0, 0, 0, 0, 0, 0, 0, 0, 0, 8, 0, 0, 0, 0, 0, 0, 0, 0, 0, 0, 0, 0, 0, 0, 5.125, 100, 41, 7, 5.125, 41, 1.364, 3.757, 0, 0, 0, 0, 5.375, 43, 0, 0, 0, 0, 0, 0, 0, 0, 87.5, 7, 8, 4.5, 4.625, 4.25, 4, , 0, 0, 0, 0, 0
365, Miracle Workerz, 8, 0, 2, 0, 1, 0, 4, 0.875, 100, 7, 1, 0.875, 7, 0, 0, 4.625, 52.857, 37, 10, 8.75, 70, 0, 0, 0, 0, 0, 0, 7, 0, 0, 2.5, 40, 20, 10, 6.25, 50, 0, 0, 0, 0, 0, 0, 3.625, 87.879, 29, 5, 4.125, 33, 0.992, 3.654, 15.625, 125, 2.5, 20, 0, 0, 4.125, 33, 0, 0, 0, 0, 0, 0, 75, 6, 8, 4.625, 5.5, 4.125, 0, Traction, 120, 4.625, 10, 5.458, 10
384, Sparky 384, 8, 0, 0, 0, 5, 0, 0, 0.625, 71.429, 5, 1, 0.875, 7, 0, 0, 0, 0, 0, 0, 0, 0, 0, 0, 0, 0, 0, 0, 8, 0, 0, 0, 0, 0, 0, 0, 0, 0, 0, 0, 0, 0, 0, 4.125, 97.059, 33, 6, 4.25, 34, 1.364, 3.024, 0, 0, 0, 0, 0.375, 3, 4.125, 33, 0.375, 3, 0, 1, 0, 0, 62.5, 5, 8, 4.125, 6, 4, 4, Drop Center, 100, 0, 0, 0, 0
469, Las Guerrillas, 8, 0, 0, 0, 2, 0, 0, 0.25, 25, 2, 1, 1, 8, 0, 0, 0, 0, 0, 0, 0, 0, 0, 0, 0, 0, 0, 0, 8, 0, 0, 0, 0, 0, 0, 0, 0, 0, 0, 0, 0, 0, 0, 4, 91.429, 32, 5, 4.375, 35, 1.225, 3.265, 0, 0, 0, 0, 0.125, 1, 4.25, 34, 0.125, 1, 0, 0, 0, 0, 100, 8, 8, 5, 6.125, 3.875, 2.5, Traction, 115, 0, 0, 0, 0
503, Frog Force, 8, 0, 2, 0, 2, 0, 0, 0.5, 66.667, 4, 1, 0.75, 6, 0, 0, 3.25, 50, 26, 8, 6.5, 52, 0, 0, 0, 0, 0, 0, 8, 1.25, 10, 12.5, 68.493, 100, 36, 18.25, 146, 0, 0, 0, 0, 0, 0, 3.25, 96.296, 26, 5, 3.375, 27, 0.829, 3.92, 13.625, 109, 13.125, 105, 2.75, 22, 0.375, 3, 0, 0, 0, 0, 0, 0, 75, 6, 8, 4.375, 6.625, 3.875, 0, Traction, 119, 3.25, 8, 7.417, 18.667
829, Digital Goats, 8, 0, 0, 0, 2, 0, 0, 0.25, 28.571, 2, 1, 0.875, 7, 0, 0, 0.625, 7.143, 5, 2, 8.75, 70, 0, 0, 0, 0, 0, 0, 7, 0, 0, 0, 0, 0, 0, 0, 0, 0, 0, 0, 0, 0, 0, 3.75, 96.774, 30, 5, 3.875, 31, 0.829, 4.524, 0, 0, 0, 0, 3.875, 31, 0, 0, 0, 0, 0, 0, 0, 0, 85.714, 6, 7, 4.429, 7.714, 3.75, 2, Traction, 102, 0.625, 2, 0.625, 2
910, The Foley Freeze, 8, 0, 0, 0, 4, 0, 0, 0.5, 100, 4, 1, 0.5, 4, 0, 0, 5.375, 48.315, 43, 9, 11.125, 89, 0, 0, 0, 0, 0, 0, 7, 5, 40, 5.25, 30.657, 42, 15, 17.125, 137, 0, 0, 0, 0, 0, 0, 3.25, 100, 26, 4, 3.25, 26, 0.968, 3.357, 5, 40, 13.125, 105, 2.875, 23, 0, 0, 0, 0, 0, 0, 0, 0, 62.5, 5, 8, 3.875, 4.875, 3.625, 0, Traction, 120, 5.375, 9, 7.125, 13
1018, Pike RoboDevils, 8, 0, 2, 0, 2, 0, 0, 0.5, 80, 4, 1, 0.625, 5, 0, 0, 0, 0, 0, 0, 0, 0, 0, 0, 0, 0, 0, 0, 7, 0, 0, 0, 0, 0, 0, 0, 0, 0, 0, 0, 0, 0, 0, 3.625, 100, 29, 5, 3.625, 29, 1.576, 2.3, 0, 0, 0, 0, 0, 0, 3.5, 28, 0.5, 4, 0, 0, 0, 1, 85.714, 6, 7, 4.857, 9.857, 3.75, 0, Mechanum, 95, 0, 0, 0, 0
1024, Kil-A-Bytes, 8, 0, 1, 0, 3, 0, 0, 0.5, 80, 4, 1, 0.625, 5, 0, 0, 0, 0, 0, 0, 0, 0, 0, 0, 0, 0, 0, 0, 8, 0, 0, 0, 0, 0, 0, 0, 0, 0, 0, 0, 0, 0, 0, 3.625, 100, 29, 5, 3.625, 29, 0.696, 5.208, 0, 0, 0, 0, 0, 0, 3.5, 28, 0.625, 5, 0, 0, 0, 1, 100, 8, 8, 5, 3.875, 3.75, 4, Traction, 108, 0, 0, 0, 0
1080, Resurgence Robotics, 7, 0, 1, 0, 0, 0, 0, 0.143, 14.286, 1, 1, 1, 7, 0, 0, 0, 0, 0, 0, 0, 0, 0, 0, 0, 0, 0, 0, 7, 0, 0, 0, 0, 0, 0, 0, 0, 0, 0, 0, 0, 0, 0, 3.857, 96.429, 27, 5, 4, 28, 0.639, 6.036, 0, 0, 0, 0, 1.286, 9, 2.857, 20, 0.286, 2, 0, 0, 0, 1, 100, 7, 7, 5, 8.714, 3.143, 0, Drop Center, 89, 0, 0, 0, 0
1114, Simbotics, 8, 0, 0, 0, 1, 0, 1, 0.25, 100, 2, 1, 0.25, 2, 0, 0, 21.375, 76.682, 171, 41, 27.875, 223, 0, 0, 0, 0, 0, 0, 6, 14.375, 115, 6.625, 77.941, 53, 32, 8.5, 68, 0, 0, 0, 0, 0, 0, 3.625, 96.667, 29, 5, 3.75, 30, 1.111, 3.263, 0, 0, 13.75, 110, 0, 0, 3.625, 29, 0.25, 2, 0, 0, 0, 0, 87.5, 7, 8, 4.5, 2.125, 4.25, 3.5, Drop Center, 114, 21.375, 41, 23.583, 42
1477, Texas Torque, 8, 0, 1, 0, 3, 0, 0, 0.5, 50, 4, 1, 1, 8, 0, 0, 0, 0, 0, 0, 2.5, 20, 0, 0, 0, 0, 0, 0, 8, 0, 0, 0, 0, 0, 0, 0, 0, 0, 0, 0, 0, 0, 0, 3.375, 81.818, 27, 6, 4.125, 33, 1.728, 1.953, 0.75, 6, 0, 0, 1.25, 10, 3, 24, 0.25, 2, 0, 0, 0, 1, 66.667, 4, 6, 4.167, 4, 3.625, 4, Traction, 118, 0, 0, 0, 0
1506, Metal Muscle, 7, 0, 0, 0, 2, 0, 1, 0.429, 60, 3, 1, 0.714, 5, 0, 0, 1.571, 11.579, 11, 5, 13.571, 95, 0, 0, 0, 0, 0, 0, 7, 0, 0, 0, 0, 0, 0, 0, 0, 0, 0, 0, 0, 0, 0, 3.143, 84.615, 22, 4, 3.714, 26, 0.833, 3.773, 0, 0, 0, 0, 3.857, 27, 0, 0, 0, 0, 0, 0, 0, 2, 42.857, 3, 7, 4, 6.571, 3.286, 3.5, , 0, 1.571, 5, 1.571, 5
1511, Rolling Thunder, 8, 0, 1, 0, 5, 0, 0, 0.75, 85.714, 6, 1, 0.875, 7, 0, 0, 0, 0, 0, 0, 0, 0, 0, 0, 0, 0, 0, 0, 8, 0, 0, 0, 0, 0, 0, 0, 0, 0, 0, 0, 0, 0, 0, 3.875, 91.176, 31, 5, 4.25, 34, 0.599, 6.469, 0, 0, 0, 0, 0.5, 4, 3.75, 30, 0.375, 3, 0, 1, 0, 1, 85.714, 6, 7, 4.429, 5.714, 3.875, 4, Drop Center, 118, 0, 0, 0, 0
1619, Up-A-Creek Robotics, 8, 0, 1, 0, 0, 0, 1, 0.25, 66.667, 2, 1, 0.375, 3, 0, 0, 15.25, 60.396, 122, 30, 25.25, 202, 0, 0, 0, 0, 0, 0, 8, 14.375, 115, 20.75, 70.042, 166, 50, 29.625, 237, 0, 0, 0, 0, 0, 0, 3.75, 96.774, 30, 6, 3.875, 31, 1.199, 3.128, 15, 120, 20, 160, 3.625, 29, 0.125, 1, 0, 0, 0, 0, 0, 0, 83.333, 5, 6, 4.333, 6.833, 3.75, 0, Traction, 120, 15.25, 30, 22.167, 37.333
1640, Sab-BOT-age, 8, 0, 1, 0, 0, 0, 0, 0.125, 12.5, 1, 1, 1, 8, 0, 0, 0, 0, 0, 0, 1.25, 10, 0, 0, 0, 0, 0, 0, 8, 0, 0, 1.625, 54.167, 13, 12, 3, 24, 0, 0, 0, 0, 0, 0, 2.5, 86.957, 20, 4, 2.875, 23, 1.118, 2.236, 3.125, 25, 0, 0, 0, 0, 3, 24, 0.875, 7, 0, 0, 0, 2, 50, 3, 6, 3.833, 8, 2.625, 0, Swerve, 120, 0, 0, 0.542, 4
1675, UPS (Ultimate Protection Squad), 9, 0, 4, 0, 0, 0, 0, 0.444, 50, 4, 1, 0.889, 8, 0, 0, 0, 0, 0, 0, 0, 0, 0, 0, 0, 0, 0, 0, 9, 0, 0, 0, 0, 0, 0, 0, 0, 0, 0, 0, 0, 0, 0, 3.222, 82.857, 29, 5, 3.889, 35, 1.474, 2.186, 0, 0, 0, 0, 3.333, 30, 0.556, 5, 0, 0, 0, 1, 0, 0, 100, 8, 8, 5, 3.75, 3.444, 3, Traction, 75, 0, 0, 0, 0
1676, The Pascack PI-oneers, 8, 0, 2, 0, 2, 0, 0, 0.5, 50, 4, 1, 1, 8, 0, 0, 0, 0, 0, 0, 0, 0, 0, 0, 0, 0, 0, 0, 7, 0, 0, 0, 0, 0, 0, 0, 0, 0, 0, 0, 0, 0, 0, 3.125, 86.207, 25, 4, 3.625, 29, 0.599, 5.217, 0.625, 5, 0, 0, 0, 0, 3.25, 26, 0.25, 2, 0, 0, 0, 0, 100, 7, 7, 5, 5.143, 3, 3, Traction, 120, 0, 0, 0, 0
1710, The Ravonics Revolution, 8, 0, 2, 0, 2, 0, 1, 0.625, 62.5, 5, 1, 1, 8, 0, 0, 0.75, 60, 6, 6, 1.25, 10, 0, 0, 0, 0, 0, 0, 8, 0, 0, 0, 0, 0, 0, 0, 0, 0, 0, 0, 0, 0, 0, 3.75, 96.774, 30, 5, 3.875, 31, 1.392, 2.694, 0, 0, 0, 0, 0.125, 1, 3.625, 29, 0.125, 1, 0, 0, 0, 0, 85.714, 6, 7, 4.571, 4.571, 3.375, 3, Mechanum, 120, 0.75, 6, 0.75, 6
1720, PhyXTGears, 8, 0, 0, 0, 1, 0, 0, 0.125, 33.333, 1, 1, 0.375, 3, 0, 0, 6.5, 74.286, 52, 10, 8.75, 70, 0, 0, 0, 0, 0, 0, 7, 0, 0, 6.75, 63.529, 54, 29, 10.625, 85, 0, 0, 0, 0, 0, 0, 3.5, 87.5, 28, 4, 4, 32, 0.707, 4.95, 0, 0, 16.875, 135, 3.375, 27, 1.125, 9, 0, 0, 0, 0, 0, 1, 75, 6, 8, 4.375, 3.75, 3.5, 2, , 0, 6.5, 10, 8.75, 13.667
1732, Hilltoppers, 8, 0, 0, 0, 7, 0, 0, 0.875, 87.5, 7, 1, 1, 8, 0, 0, 5.75, 64.789, 46, 10, 8.875, 71, 0, 0, 0, 0, 0, 0, 8, 0, 0, 3.125, 50, 25, 15, 6.25, 50, 0, 0, 0, 0, 0, 0, 4, 94.118, 32, 6, 4.25, 34, 1.118, 3.578, 8.75, 70, 0, 0, 3.5, 28, 0.5, 4, 0, 0, 0, 0, 0, 0, 57.143, 4, 7, 4, 6.571, 3.5, 5, Traction, 125, 5.75, 10, 6.792, 10
1746, OTTO, 8, 0, 0, 0, 0, 0, 1, 0.125, 50, 1, 1, 0.25, 2, 0, 0, 9.25, 56.923, 74, 25, 16.25, 130, 0, 0, 0, 0, 0, 0, 6, 15, 120, 12.5, 47.619, 100, 45, 26.25, 210, 0, 0, 0, 0, 0, 0, 3.75, 96.774, 30, 6, 3.875, 31, 1.785, 2.101, 28.75, 230, 11.875, 95, 0, 0, 3.125, 25, 0.125, 1, 0, 0, 0, 0, 87.5, 7, 8, 4.5, 4.25, 3.75, 1, Omni, 120, 9.25, 25, 13.417, 35
1806, S.W.A.T., 8, 0, 2, 0, 0, 0, 0, 0.25, 50, 2, 1, 0.5, 4, 0, 0, 2.5, 46.512, 20, 9, 5.375, 43, 0, 0, 0, 0, 0, 0, 8, 0, 0, 0, 0, 0, 0, 0, 0, 0, 0, 0, 0, 0, 0, 3.5, 100, 28, 4, 3.5, 28, 1, 3.5, 0, 0, 0, 0, 2, 16, 1.125, 9, 0, 0, 0, 0, 0, 1, 75, 6, 8, 4.625, 5, 3.5, 4, Drop Center, 113, 2.5, 9, 2.5, 9
1885, ILITE Robotics, 8, 0, 6, 0, 0, 0, 0, 0.75, 85.714, 6, 1, 0.875, 7, 0, 0, 0, 0, 0, 0, 0, 0, 0, 0, 0, 0, 0, 0, 7, 0, 0, 0, 0, 0, 0, 0, 0, 0, 0, 0, 0, 0, 0, 4.25, 91.892, 34, 5, 4.625, 37, 1.09, 3.899, 0, 0, 0, 0, 5.125, 41, 0, 0, 0, 0, 0, 0, 0, 1, 87.5, 7, 8, 4.875, 3.75, 4.125, 0, Traction, 112, 0, 0, 0, 0
1987, Broncobots, 8, 0, 3, 0, 2, 0, 1, 0.75, 75, 6, 1, 1, 8, 0, 0, 0.75, 20.69, 6, 6, 3.625, 29, 0, 0, 0, 0, 0, 0, 8, 0, 0, 0, 0, 0, 0, 0, 0, 0, 0, 0, 0, 0, 0, 3.125, 89.286, 25, 5, 3.5, 28, 1.364, 2.291, 0, 0, 0, 0, 3.75, 30, 0.5, 4, 0, 0, 0, 0, 0, 0, 87.5, 7, 8, 4.5, 3.75, 3.625, 2.667, Mechanum, 116, 0.75, 6, 0.75, 6
2056, OP Robotics, 7, 0, 0, 0, 1, 0, 0, 0.143, 100, 1, 1, 0.143, 1, 0, 0, 23, 68.511, 161, 40, 33.571, 235, 0, 0, 0, 0, 0, 0, 7, 18.571, 130, 64, 74.916, 448, 111, 85.429, 598, 0, 0, 0, 0, 0, 0, 3.286, 95.833, 23, 6, 3.429, 24, 1.75, 1.878, 60.857, 426, 22.857, 160, 0, 0, 2.714, 19, 0.143, 1, 0, 0, 0, 0, 85.714, 6, 7, 4.571, 3.571, 4.429, 0, , 0, 23, 40, 44.333, 63.333
2122, Team Tators, 8, 0, 0, 0, 0, 0, 0, 0, 0, 0, 0, 0.125, 1, 0, 0, 30.5, 80.528, 244, 51, 37.875, 303, 0, 0, 0, 0, 0, 0, 8, 23.75, 190, 3.375, 72.973, 27, 15, 4.625, 37, 0, 0, 0, 0, 0, 0, 4.5, 100, 36, 6, 4.5, 36, 1.118, 4.025, 0, 0, 8.75, 70, 3.625, 29, 0, 0, 0, 0, 0, 0, 0, 1, 100, 8, 8, 5, 7.25, 4.25, 4, , 0, 30.5, 51, 31.625, 51
2137, TORC, 7, 0, 1, 0, 3, 0, 2, 0.857, 100, 6, 1, 0.857, 6, 0, 0, 3.857, 57.447, 27, 8, 6.714, 47, 0, 0, 0, 0, 0, 0, 7, 0, 0, 5.143, 72, 36, 20, 7.143, 50, 0, 0, 0, 0, 0, 0, 3.571, 86.207, 25, 5, 4.143, 29, 1.178, 3.031, 10.429, 73, 10.714, 75, 4.143, 29, 0.286, 2, 0, 0, 0, 0, 0, 0, 57.143, 4, 7, 3.571, 6.571, 3.429, 0, , 0, 3.857, 8, 5.571, 13.333
2168, Aluminum Falcons, 8, 0, 2, 0, 3, 0, 0, 0.625, 71.429, 5, 1, 0.875, 7, 0, 0, 0.375, 30, 3, 3, 1.25, 10, 0, 0, 0, 0, 0, 0, 8, 0, 0, 0, 0, 0, 0, 0, 0, 0, 0, 0, 0, 0, 0, 3.375, 96.429, 27, 5, 3.5, 28, 1.576, 2.141, 0, 0, 0, 0, 3.875, 31, 0, 0, 0, 0, 0, 3, 0, 0, 87.5, 7, 8, 4.75, 7.875, 3.875, 4, , 0, 0.375, 3, 0.375, 3
2169, KING TeC, 8, 0, 1, 0, 3, 0, 0, 0.5, 57.143, 4, 1, 0.875, 7, 0, 0, 0, 0, 0, 0, 0, 0, 0, 0, 0, 0, 0, 0, 8, 0, 0, 0, 0, 0, 0, 0, 0, 0, 0, 0, 0, 0, 0, 3.625, 93.548, 29, 4, 3.875, 31, 0.484, 7.49, 0, 0, 0, 0, 1, 8, 3.25, 26, 0.625, 5, 0, 0, 0, 2, 87.5, 7, 8, 4.625, 6, 3.5, 0, , 0, 0, 0, 0, 0
2194, Fondy Fire, 7, 0, 2, 0, 3, 0, 1, 0.857, 85.714, 6, 1, 1, 7, 0, 0, 1.429, 23.81, 10, 7, 6, 42, 0, 0, 0, 0, 0, 0, 6, 0, 0, 0, 0, 0, 0, 0, 0, 0, 0, 0, 0, 0, 0, 2.857, 80, 20, 4, 3.571, 25, 0.639, 4.471, 0, 0, 0, 0, 3.857, 27, 0, 0, 0, 0, 0, 1, 0, 0, 66.667, 4, 6, 3.667, 5.5, 3.143, 4, , 0, 1.429, 7, 1.429, 7
2337, EngiNERDs, 8, 0, 0, 0, 0, 0, 0, 0, 0, 0, 0, 0, 0, 0, 0, 22, 61.754, 176, 44, 35.625, 285, 0, 0, 0, 0, 0, 0, 6, 11.25, 90, 45.125, 63.668, 361, 99, 70.875, 567, 0, 0, 0, 0, 0, 0, 0.875, 87.5, 7, 2, 1, 8, 0.927, 0.944, 14.375, 115, 50, 400, 0, 0, 0.625, 5, 0, 0, 0, 0, 0, 0, 100, 7, 7, 5, 3.571, 3.75, 3, , 0, 22, 44, 37.042, 50.667
2451, PWNAGE, 8, 0, 1, 0, 0, 0, 0, 0.125, 100, 1, 1, 0.125, 1, 0, 0, 23.625, 65.854, 189, 49, 35.875, 287, 0, 0, 0, 0, 0, 0, 7, 21.875, 175, 15, 54.054, 120, 40, 27.75, 222, 0, 0, 0, 0, 0, 0, 3.125, 92.593, 25, 5, 3.375, 27, 1.965, 1.59, 10.625, 85, 21.25, 170, 2.25, 18, 0.375, 3, 0, 0, 0, 0, 0, 0, 87.5, 7, 8, 4.75, 5.625, 4.25, 2, , 0, 23.625, 49, 28.625, 49
2468, Team Appreciate, 5, 0, 2, 0, 3, 0, 0, 1, 100, 5, 1, 1, 5, 0, 0, 0, 0, 0, 0, 0, 0, 0, 0, 0, 0, 0, 0, 5, 0, 0, 0, 0, 0, 0, 0, 0, 0, 0, 0, 0, 0, 0, 3.2, 88.889, 16, 5, 3.6, 18, 1.327, 2.411, 0, 0, 0, 0, 4, 20, 0.2, 1, 0, 0, 0, 1, 0, 0, 100, 4, 4, 5, 6.5, 3.8, 4, , 0, 0, 0, 0, 0
2481, Roboteers, 8, 0, 0, 0, 0, 0, 0, 0, 0, 0, 0, 0.125, 1, 0, 0, 22.375, 60.067, 179, 38, 37.25, 298, 0, 0, 0, 0, 0, 0, 6, 20.625, 165, 21.875, 59.322, 175, 50, 36.875, 295, 0, 0, 0, 0, 0, 0, 2.75, 95.652, 22, 6, 2.875, 23, 1.714, 1.604, 0, 0, 28.125, 225, 0.625, 5, 2.25, 18, 0.125, 1, 0, 0, 0, 0, 100, 7, 7, 5, 5, 4, 0, , 0, 22.375, 38, 29.667, 47.333
2590, Nemesis, 8, 0, 2, 0, 2, 0, 0, 0.5, 50, 4, 1, 1, 8, 0, 0, 0.25, 6.667, 2, 2, 3.75, 30, 0, 0, 0, 0, 0, 0, 8, 0, 0, 4.75, 44.706, 38, 33, 10.625, 85, 0, 0, 0, 0, 0, 0, 4.25, 82.927, 34, 6, 5.125, 41, 1.479, 2.874, 13.75, 110, 5.625, 45, 4.875, 39, 1.125, 9, 0.125, 1, 0, 2, 0, 0, 85.714, 6, 7, 4.429, 4.857, 4, 0, , 0, 0.25, 2, 1.833, 11
2614, Mountaineer Area RoboticS (MARS), 8, 0, 3, 0, 0, 0, 0, 0.375, 42.857, 3, 1, 0.875, 7, 0, 0, 0, 0, 0, 0, 0, 0, 0, 0, 0, 0, 0, 0, 8, 0, 0, 0, 0, 0, 0, 0.375, 3, 0, 0, 0, 0, 0, 0, 4, 100, 32, 6, 4, 32, 0.866, 4.619, 1.25, 10, 0, 0, 0, 0, 4, 32, 0.125, 1, 0, 0, 0, 0, 85.714, 6, 7, 4.857, 7.286, 3.875, 0, , 0, 0, 0, 0, 0
2767, Stryke Force, 8, 0, 1, 0, 1, 0, 0, 0.25, 66.667, 2, 1, 0.375, 3, 0, 0, 15.875, 67.553, 127, 30, 23.5, 188, 0, 0, 0, 0, 0, 0, 8, 15, 120, 40.5, 72.321, 324, 96, 56, 448, 0, 0, 0, 0, 0, 0, 4.125, 100, 33, 7, 4.125, 33, 1.615, 2.554, 44.375, 355, 15.625, 125, 3.375, 27, 0.375, 3, 0, 0, 0, 0, 0, 0, 50, 4, 8, 3.875, 3.875, 5, 0, , 0, 15.875, 30, 29.375, 46.667
2791, Shaker Robotics, 7, 0, 0, 0, 2, 0, 0, 0.286, 50, 2, 1, 0.571, 4, 0, 0, 2.286, 40, 16, 7, 5.714, 40, 0, 0, 0, 0, 0, 0, 5, 0, 0, 0.429, 12, 3, 3, 3.571, 25, 0, 0, 0, 0, 0, 0, 3.286, 95.833, 23, 5, 3.429, 24, 1.829, 1.797, 8.571, 60, 0, 0, 3.286, 23, 0, 0, 0, 0, 0, 0, 0, 1, 66.667, 4, 6, 3.833, 5.333, 3.286, 4, , 0, 2.286, 7, 2.429, 7
2832, The Livonia  Warriors, 7, 0, 2, 0, 3, 0, 1, 0.857, 100, 6, 1, 0.857, 6, 0, 0, 0, 0, 0, 0, 0, 0, 0, 0, 0, 0, 0, 0, 7, 0, 0, 0, 0, 0, 0, 0, 0, 0, 0, 0, 0, 0, 0, 3.571, 96.154, 25, 4, 3.714, 26, 0.728, 4.905, 0, 0, 0, 0, 0, 0, 3.714, 26, 0, 0, 0, 0, 0, 0, 100, 7, 7, 5, 9, 3.857, 2, , 0, 0, 0, 0, 0
3452, GreengineerZ, 8, 0, 1, 0, 3, 0, 2, 0.75, 100, 6, 1, 0.75, 6, 0, 0, 0, 0, 0, 0, 0, 0, 0, 0, 0, 0, 0, 0, 7, 0, 0, 0.375, 37.5, 3, 3, 1, 8, 0, 0, 0, 0, 0, 0, 4.75, 95, 38, 6, 5, 40, 0.829, 5.73, 5, 40, 0, 0, 1.25, 10, 3.125, 25, 0, 0, 0, 0, 0, 0, 100, 8, 8, 5, 4.625, 3.625, 0, , 0, 0, 0, 0.125, 1
3478, LamBot, 6, 0, 2, 0, 1, 0, 0, 0.5, 100, 3, 1, 0.5, 3, 0, 0, 5.167, 48.438, 31, 14, 10.667, 64, 0, 0, 0, 0, 0, 0, 4, 6.667, 40, 92.167, 81.085, 553, 114, 113.667, 682, 0, 0, 0, 0, 0, 0, 0.5, 100, 3, 1, 0.5, 3, 0.5, 1, 65.833, 395, 47.333, 284, 0, 0, 0.333, 2, 0, 0, 0, 0, 0, 0, 83.333, 5, 6, 4.667, 6, 3.5, 0, , 0, 5.167, 14, 35.889, 45
3824, HVA RoHAWKtics, 8, 0, 2, 0, 2, 0, 2, 0.75, 85.714, 6, 1, 0.875, 7, 0, 0, 0, 0, 0, 0, 0, 0, 0, 0, 0, 0, 0, 0, 8, 0, 0, 0, 0, 0, 0, 0, 0, 0, 0, 0, 0, 0, 0, 2.75, 100, 22, 5, 2.75, 22, 1.479, 1.859, 0, 0, 0, 0, 0.375, 3, 2.5, 20, 0.625, 5, 0, 1, 0, 0, 100, 8, 8, 5, 8.125, 3.5, 2.333, , 0, 0, 0, 0, 0
3847, Spectrum   -??, 7, 0, 2, 0, 0, 0, 0, 0.286, 50, 2, 1, 0.571, 4, 0, 0, 10.429, 52.899, 73, 30, 19.714, 138, 0, 0, 0, 0, 0, 0, 7, 17.143, 120, 0, 0, 0, 0, 0, 0, 0, 0, 0, 0, 0, 0, 3.429, 96, 24, 4, 3.571, 25, 0.904, 3.793, 0, 0, 1.429, 10, 0.286, 2, 3.714, 26, 0.857, 6, 0, 0, 0, 0, 66.667, 4, 6, 4.333, 4.667, 3.714, 4, , 0, 10.429, 30, 10.429, 30
4028, The Beak Squad, 8, 0, 1, 0, 4, 0, 0, 0.625, 83.333, 5, 1, 0.75, 6, 0, 0, 6.625, 46.903, 53, 19, 14.125, 113, 0, 0, 0, 0, 0, 0, 7, 11.25, 90, 1.25, 66.667, 10, 10, 1.875, 15, 0, 0, 0, 0, 0, 0, 3.5, 100, 28, 5, 3.5, 28, 0.707, 4.95, 1.625, 13, 2.125, 17, 2.875, 23, 0.875, 7, 0, 0, 0, 0, 0, 1, 87.5, 7, 8, 4.5, 6, 3.875, 0, , 0, 6.625, 19, 7.042, 19
4039, MakeShift Robotics, 8, 0, 5, 0, 0, 0, 0, 0.625, 83.333, 5, 1, 0.75, 6, 0, 0, 1, 57.143, 8, 5, 1.75, 14, 0, 0, 0, 0, 0, 0, 8, 0, 0, 0, 0, 0, 0, 0, 0, 0, 0, 0, 0, 0, 0, 3.625, 93.548, 29, 5, 3.875, 31, 0.857, 4.23, 0, 0, 0, 0, 0, 0, 4, 32, 0.5, 4, 0, 1, 0, 1, 100, 7, 7, 5, 3.286, 4.125, 4, , 0, 1, 5, 1, 5
4143, MARS/ WARS, 8, 0, 0, 0, 0, 0, 6, 0.75, 100, 6, 1, 0.75, 6, 0, 0, 3.375, 58.696, 27, 9, 5.75, 46, 0, 0, 0, 0, 0, 0, 8, 0, 0, 0, 0, 0, 0, 0, 0, 0, 0, 0, 0, 0, 0, 3.5, 96.552, 28, 5, 3.625, 29, 0.866, 4.042, 0, 0, 0, 0, 0, 0, 3.75, 30, 0.5, 4, 0, 0, 0, 1, 100, 7, 7, 5, 6.571, 3.125, 2, , 0, 3.375, 9, 3.375, 9
4188, Columbus Space Program, 8, 0, 3, 0, 0, 0, 1, 0.5, 66.667, 4, 1, 0.75, 6, 0, 0, 0, 0, 0, 0, 0, 0, 0, 0, 0, 0, 0, 0, 8, 0, 0, 0, 0, 0, 0, 0, 0, 0, 0, 0, 0, 0, 0, 3.625, 90.625, 29, 5, 4, 32, 0.857, 4.23, 0, 0, 0, 0, 0.625, 5, 3.125, 25, 0.375, 3, 0, 0, 0, 0, 75, 6, 8, 4, 6.625, 3.5, 3, , 0, 0, 0, 0, 0
4206, Robo Vikes, 8, 0, 2, 0, 1, 0, 0, 0.375, 50, 3, 1, 0.75, 6, 0, 0, 0, 0, 0, 0, 0, 0, 0, 0, 0, 0, 0, 0, 7, 0, 0, 0, 0, 0, 0, 0, 0, 0, 0, 0, 0, 0, 0, 4.125, 100, 33, 6, 4.125, 33, 1.269, 3.251, 0, 0, 0, 0, 0.875, 7, 3.5, 28, 0.375, 3, 0, 1, 0, 0, 85.714, 6, 7, 4.714, 6.286, 3, 0, , 0, 0, 0, 0, 0
4265, Secret City Wildbots, 8, 0, 4, 0, 1, 0, 0, 0.625, 83.333, 5, 1, 0.75, 6, 0, 0, 0, 0, 0, 0, 0, 0, 0, 0, 0, 0, 0, 0, 7, 0, 0, 0, 0, 0, 0, 0, 0, 0, 0, 0, 0, 0, 0, 3.125, 86.207, 25, 5, 3.625, 29, 1.166, 2.68, 0, 0, 0, 0, 0.625, 5, 3.375, 27, 0, 0, 0, 0, 0, 0, 50, 3, 6, 3.333, 6, 3, 0, , 0, 0, 0, 0, 0
4272, Maverick Boiler Robotics, 8, 0, 4, 0, 1, 0, 0, 0.625, 71.429, 5, 1, 0.875, 7, 0, 0, 0, 0, 0, 0, 0, 0, 0, 0, 0, 0, 0, 0, 8, 0, 0, 0, 0, 0, 0, 0, 0, 0, 0, 0, 0, 0, 0, 3.75, 96.774, 30, 5, 3.875, 31, 1.09, 3.44, 0, 0, 0, 0, 0, 0, 3.875, 31, 0.25, 2, 0, 0, 0, 1, 100, 7, 7, 5, 4.429, 4.125, 2.667, , 0, 0, 0, 0, 0
4587, Jersey Voltage, 7, 0, 0, 0, 2, 0, 0, 0.286, 66.667, 2, 1, 0.429, 3, 0, 0, 0.429, 7.5, 3, 3, 5.714, 40, 0, 0, 0, 0, 0, 0, 5, 0, 0, 3.429, 40.678, 24, 20, 8.429, 59, 0, 0, 0, 0, 0, 0, 3.143, 100, 22, 6, 3.143, 22, 1.457, 2.157, 16, 112, 0, 0, 3, 21, 0, 0, 0, 0, 0, 0, 0, 2, 100, 5, 5, 5, 4.8, 3, 0, , 0, 0.429, 3, 1.571, 6.667
4967, That ONE Team-OurNextEngineers, 7, 0, 0, 0, 1, 0, 0, 0.143, 100, 1, 1, 0.143, 1, 0, 0, 29, 71.228, 203, 45, 40.714, 285, 0, 0, 0, 0, 0, 0, 6, 32.143, 225, 38.571, 54.878, 270, 70, 70.286, 492, 0, 0, 0, 0, 0, 0, 0.857, 85.714, 6, 1, 1, 7, 0.35, 2.449, 12.857, 90, 59.286, 415, 0, 0, 0.714, 5, 0, 0, 0, 0, 0, 0, 85.714, 6, 7, 4.857, 6.714, 3.714, 4, , 0, 29, 45, 41.857, 60
5406, Celt-X, 8, 0, 0, 0, 2, 0, 0, 0.25, 66.667, 2, 1, 0.375, 3, 0, 0, 10.5, 42.857, 84, 30, 24.5, 196, 0, 0, 0, 0, 0, 0, 6, 15.625, 125, 16, 52.459, 128, 42, 30.5, 244, 0, 0, 0, 0, 0, 0, 2.25, 72, 18, 3, 3.125, 25, 1.299, 1.732, 29.375, 235, 23.75, 190, 2.125, 17, 0.25, 2, 0, 0, 0, 0, 0, 0, 71.429, 5, 7, 4.429, 4.429, 3.375, 0, , 0, 10.5, 30, 15.833, 40
5842, Royal Robotics, 7, 0, 0, 0, 2, 0, 0, 0.286, 66.667, 2, 1, 0.429, 3, 0, 0, 11.143, 60, 78, 40, 18.571, 130, 0, 0, 0, 0, 0, 0, 6, 10, 70, 19.714, 59.74, 138, 62, 33, 231, 0, 0, 0, 0, 0, 0, 2.143, 88.235, 15, 3, 2.429, 17, 0.639, 3.354, 20, 140, 20, 140, 1.429, 10, 1, 7, 0.143, 1, 0, 0, 0, 0, 80, 4, 5, 4.6, 10.2, 3.571, 1, , 0, 11.143, 40, 17.714, 60.667
